--
-- Dumping data for table `Users`
--
INSERT INTO `Users` (`user_pk`, `user_name`, `user_password`, `user_salt`, `user_email_address`, `group_fk`) VALUES
(1, 'Admin', '123', '123', NULL, 10),
(2, 'Contributor', '123', '123', NULL, 5);

--
-- Dumping data for table `Files`
--
INSERT INTO `Files` (`file_pk`, `file_name`, `file_visible`, `file_created_date`, `user_fk`, `file_downloads`) VALUES
(1, 'File 1', 1, '2017-03-13 16:28:22', 1, 0),
(2, 'File 2', 1, '2017-03-13 16:28:22', 1, 0),
(3, 'File 3', 1, '2017-03-13 16:28:22', 2, 1),
(4, 'File 4', 1, '2017-03-13 16:28:22', 1, 0),
(5, 'File 5', 1, '2017-03-13 16:28:22', 2, 0),
(6, 'File 6', 1, '2017-03-13 16:28:22', 1, 0),
(7, 'File 7', 1, '2017-03-13 16:28:22', 1, 0),
(8, 'File 8', 1, '2017-03-13 16:28:22', 2, 0),
(9, 'File 9', 1, '2017-03-13 16:28:22', 2, 0),
(10, 'File 10', 1, '2017-03-13 16:28:22', 2, 0),
(11, 'File 11', 1, '2017-03-13 16:28:22', 2, 0),
(12, 'File 12', 1, '2017-03-13 16:28:22', 2, 0),
(13, 'File 13', 1, '2017-03-13 16:28:22', 1, 0),
(14, 'File 14', 1, '2017-03-13 16:28:22', 2, 0),
(15, 'File 15', 1, '2017-03-13 16:28:22', 2, 0);

--
-- Dumping data for table `Revisions`
--
INSERT INTO `Revisions` (`rev_pk`, `file_fk`, `rev_file_name`, `rev_file_path`, `rev_file_version`, `rev_file_description_short`, `rev_file_description`, `rev_upload_date`, `rev_status_fk`) VALUES
(1, 1, 'Test_1.zip', '/uploads/Test_1/0.0.1/', '0.0.1', 'Test mission 1', 'This is a longdescription for :\r\nTest mission 1', '2017-03-13 16:36:39', 1),
(2, 2, 'Test_1.zip', '/uploads/Test_2/0.0.1/', '0.0.1', 'Test mission 2', 'This is a longdescription for :\r\nTest mission 2', '2017-03-13 16:36:39', 1),
(3, 3, 'Test_1.zip', '/uploads/Test_3/0.0.1/', '0.0.1', 'Test mission 3', 'This is a longdescription for :\r\nTest mission 3', '2017-03-13 16:36:39', 1),
(4, 4, 'Test_1.zip', '/uploads/Test_4/0.0.1/', '0.0.1', 'Test mission 4', 'This is a longdescription for :\r\nTest mission 4', '2017-03-13 16:36:39', 1),
(5, 5, 'Test_1.zip', '/uploads/Test_5/0.0.1/', '0.0.1', 'Test mission 5', 'This is a longdescription for :\r\nTest mission 5', '2017-03-13 16:36:39', 1),
(6, 6, 'Test_1.zip', '/uploads/Test_6/0.0.1/', '0.0.1', 'Test mission 6', 'This is a longdescription for :\r\nTest mission 6', '2017-03-13 16:36:39', 1),
(7, 7, 'Test_1.zip', '/uploads/Test_7/0.0.1/', '0.0.1', 'Test mission 7', 'This is a longdescription for :\r\nTest mission 7', '2017-03-13 16:36:39', 1),
(8, 8, 'Test_1.zip', '/uploads/Test_8/0.0.1/', '0.0.1', 'Test mission 8', 'This is a longdescription for :\r\nTest mission 8', '2017-03-13 16:36:39', 1),
(9, 9, 'Test_1.zip', '/uploads/Test_9/0.0.1/', '0.0.1', 'Test mission 9', 'This is a longdescription for :\r\nTest mission 9', '2017-03-13 16:36:39', 1),
(10, 10, 'Test_1.zip', '/uploads/Test_10/0.0.1/', '0.0.1', 'Test mission 10', 'This is a longdescription for :\r\nTest mission 10', '2017-03-13 16:36:39', 1),
(11, 11, 'Test_1.zip', '/uploads/Test_11/0.0.1/', '0.0.1', 'Test mission 11', 'This is a longdescription for :\r\nTest mission 11', '2017-03-13 16:36:39', 1),
(12, 12, 'Test_1.zip', '/uploads/Test_12/0.0.1/', '0.0.1', 'Test mission 12', 'This is a longdescription for :\r\nTest mission 12', '2017-03-13 16:36:39', 1),
(13, 13, 'Test_1.zip', '/uploads/Test_13/0.0.1/', '0.0.1', 'Test mission 13', 'This is a longdescription for :\r\nTest mission 13', '2017-03-13 16:36:39', 1),
(14, 14, 'Test_1.zip', '/uploads/Test_14/0.0.1/', '0.0.1', 'Test mission 14', 'This is a longdescription for :\r\nTest mission 14', '2017-03-13 16:36:39', 1),
(15, 15, 'Test_1.zip', '/uploads/Test_15/0.0.1/', '0.0.1', 'Test mission 15', 'This is a longdescription for :\r\nTest mission 15', '2017-03-13 16:36:39', 1);

INSERT INTO `Ratings` (`rating_pk`, `file_fk`, `rating_amount`, `rating_ip`) VALUES
(1, 8, 2, '0'),
(2, 12, 2, '0'),
(3, 8, 3, '0'),
(4, 8, 1, '0'),
(5, 12, 5, '0'),
(6, 6, 5, '0'),
(7, 14, 3, '0'),
(8, 9, 1, '0'),
(9, 11, 3, '0'),
(10, 13, 1, '0'),
(11, 11, 3, '0'),
(12, 2, 4, '0'),
(13, 6, 3, '0'),
(14, 1, 1, '0'),
(15, 3, 3, '0'),
(16, 12, 3, '0'),
(17, 15, 1, '0'),
(18, 10, 1, '0'),
(19, 10, 1, '0'),
(20, 7, 3, '0'),
(21, 11, 2, '0'),
(22, 14, 1, '0'),
(23, 2, 1, '0'),
(24, 10, 5, '0'),
(25, 15, 5, '0'),
(26, 12, 5, '0'),
(27, 7, 3, '0'),
(28, 10, 2, '0'),
(29, 15, 4, '0'),
(30, 6, 3, '0'),
(31, 5, 2, '0'),
(32, 11, 4, '0'),
(33, 9, 5, '0'),
(34, 14, 1, '0'),
(35, 7, 1, '0'),
(36, 13, 4, '0'),
(37, 10, 3, '0'),
(38, 6, 1, '0'),
(39, 3, 4, '0'),
(40, 15,1, '0'),
(41, 5, 5, '0'),
(42, 8, 3, '0'),
(43, 15, 4, '0'),
(44, 3, 2, '0'),
(45, 5, 3, '0'),
(46, 12, 4, '0'),
(47, 5, 5, '0'),
(48, 2, 1, '0'),
(49, 15, 1, '0'),
(50, 2, 3, '0'),
(51, 7, 5, '0'),
(52, 11, 4, '0'),
(53, 5, 3, '0'),
(54, 3, 5, '0'),
(55, 5, 2, '0'),
(56, 11, 4, '0'),
(57, 15, 3, '0'),
(58, 12, 4, '0'),
(59, 10, 5, '0'),
(60, 5, 3, '0');
